code,english,dutch,french,german,japanese,korean,portuguese,russian,spanish,swedish,turkish,arabic,croatian
aa,Saba,Saba,Saba,Saba,サバ,사바,Sabá,Саба,Sabá,Saba,Saba,سابا,Saba
ab,Abkhazia,Abchazië,Abkhazie,Abchasien,アブハジア,압하지야,Abecásia,Абхазия,Abjasia,Abchazien,Abhazya,أبخازيا,Abhazija
aj,Adjara,Adzjarië,Adjarie,Adjara,アジャラ,아자리야,Adjária,Аджария,Adjara,Adjara,Acara,أدجارا,Adžarija
ald,Alderney,Alderney,Aurigny,Alderney,オルダニー,올더니,Alderney,Олдерни,alderney,Alderney,Alderney,ألديرني,Alderney
ad,Andorra,Andorra,Andorre,Andorra,アンドラ,안도라,Andorra,Андорра,Andorra,Andorra,Andorra,أندورا,Andora
ae,United Arab Emirates,Verenigde Arabische Emiraten,Émirats arabes unis,Vereinigte Arabische Emirate,アラブ首長国連邦,아랍에미리트,Emirados Árabes Unidos,Объединенные Арабские Эмираты,Emiratos Árabes Unidos,Förenade Arabemiraten,Birleşik Arap Emirlikleri,الإمارات العربية المتحدة,Ujedinjeni Arapski Emirati
af,Afghanistan,Afghanistan,Afghanistan,Afghanistan,アフガニスタン,아프가니스탄,Afeganistão,Афганистан,Afganistán,Afghanistan,Afganistan,أفغانستان,Afganistan
ag,Antigua and Barbuda,Antigua en Barbuda,Antigua-et-Barbuda,Antigua und Barbuda,アンティグアバーブーダ,앤티가 바부다,Antígua e Barbuda,Антигуа и Барбуда,Antigua y Barbuda,Antigua och Barbuda,Antigua ve Barbuda,أنتيغوا وبربودا,Antigva i Barbuda
ai,Anguilla,Anguilla,Anguilla,Anguilla,アンギラ,앵귈라,Anguila,Ангилья,Anguila,Anguilla,Anguilla,أنغيلا,Angvila
al,Albania,Albanië,Albanie,Albanien,アルバニア,알바니아,Albânia,Албания,Albania,Albanien,Arnavutluk,ألبانيا,Albanija
am,Armenia,Armenië,Arménie,Armenien,アルメニア,아르메니아,Armênia,Армения,Armenia,Armenien,Ermenistan,أرمينيا,Armenija
ao,Angola,Angola,Angola,Angola,アンゴラ,앙골라,Angola,Ангола,Angola,Angola,Angola,أنغولا,Angola
aq,Antarctica,Antarctica,Antarctique,Antarktis,南極大陸,남극 대륙,Antártica,Антарктида,Antártida,Antarktis,Antarktika,القارة القطبية الجنوبية,Antarktik
an,Antarctica,Antarctica,Antarctique,Antarktis,南極大陸,남극 대륙,Antártica,Антарктида,Antártida,Antarktis,Antarktika,القارة القطبية الجنوبية,Antarktik
ar,Argentina,Argentinië,Argentine,Argentinien,アルゼンチン,아르헨티나,Argentina,Аргентина,Argentina,Argentina,Arjantin,الأرجنتين,Argentina
as,American Samoa,Amerikaans-Samoa,Samoa américaines,Amerikanisch-Samoa,アメリカ領サモア,아메리칸사모아,Samoa Americana,Американское Самоа,Samoa Americana,Amerikanska Samoa,Amerikan Samoası,ساموا الأمريكية,Američka Samoa
at,Austria,Oostenrijk,Autriche,Österreich,オーストリア,오스트리아,Áustria,Австрия,Austria,Österrike,Avusturya,النمسا,Austrija
au,Australia,Australië,Australie,Australien,オーストラリア,호주,Austrália,Австралия,Australia,Australien,Avustralya,أستراليا,Australija
aw,Aruba,Aruba,Aruba,Aruba,アルバ,아루바,Aruba,Аруба,Aruba,Aruba,Aruba,أروبا,Aruba
ax,Aland Islands,Aland-eilanden,Îles Åland,Aland-Inseln,オーランド諸島,올란드 제도,Ilhas Alanda,Аландские острова,Islas Aland,Ålandsöarna,Aland Adaları,جزر ألاند,Olandski otoci
az,Azerbaijan,Azerbeidzjan,Azerbaïdjan,Aserbaidschan,アゼルバイジャン,아제르바이잔,Azerbaijão,Азербайджан,Azerbaiyán,Azerbajdzjan,Azerbaycan,أذربيجان,Azerbejdžan
ba,Bosnia and Herzegovina,Bosnië en Herzegovina,Bosnie-Herzégovine,Bosnien und Herzegowina,ボスニア・ヘルツェゴビナ,보스니아 헤르체고비나,Bósnia e Herzegovina,Босния и Герцеговина,Bosnia y Herzegovina,Bosnien och Hercegovina,Bosna Hersek,البوسنة والهرسك,Bosna i Hercegovina
bb,Barbados,Barbados,Barbade,Barbados,バルバドス,바베이도스,Barbados,Барбадос,Barbados,Barbados,Barbados,بربادوس,Barbados
bd,Bangladesh,Bangladesh,Bangladesh,Bangladesch,バングラデシュ,방글라데시,Bangladesh,Бангладеш,Bangladesh,Bangladesh,Bangladeş,بنغلاديش,Bangladeš
be,Belgium,België,Belgique,Belgien,ベルギー,벨기에,Bélgica,Бельгия,Bélgica,Belgien,Belçika,بلجيكا,Belgija
bf,Burkina Faso,Burkina Faso,Burkina Faso,Burkina Faso,ブルキナファソ,부르키나파소,Burquina Faso,Буркина-Фасо,Burkina Faso,Burkina Faso,Burkina Faso,بوركينا فاسو,Burkina Faso
bg,Bulgaria,Bulgarije,Bulgarie,Bulgarien,ブルガリア,불가리아,Bulgária,Болгария,Bulgaria,Bulgarien,Bulgaristan,بلغاريا,Bugarska
bh,Bahrain,Bahrein,Bahreïn,Bahrain,バーレーン,바레인,Bahrein,Бахрейн,Bahréin,Bahrain,Bahreyn,البحرين,Bahrein
bi,Burundi,Burundi,Burundi,Burundi,ブルンジ,부룬디,Burundi,Бурунди,Burundi,Burundi,Burundi,بوروندي,Burundi
bj,Benin,Benin,Bénin,Benin,ベナン,베냉,Benim,Бенин,Benín,Benin,Benin,بنين,Benin
bl,Saint Barthelemy,Sint-Barthélemy,Saint Barthélemy,Sankt Barthélemy,サン・バルテルミ島,생바르텔레미,São Bartolomeu,Сен-Бартелеми,San Bartolomé,Saint Barthelemy,Aziz Barthelemy,القديس بارتيليمي,Saint Barthelemy
bm,Bermuda,Bermuda,Bermudes,Bermuda,バミューダ,버뮤다,Bermudas,Бермуды,islas Bermudas,Bermuda,Bermuda,برمودا,Bermuda
bn,Brunei,Brunei,Brunéi,Brunei,ブルネイ,브루나이,Brunei,Бруней,Brunéi,Brunei,Brunei,بروناي,Brunej
bo,Bolivia,Bolivia,Bolivie,Bolivien,ボリビア,볼리비아,Bolívia,Боливия,bolivia,Bolivia,Bolivya,بوليفيا,Bolivija
bq,Caribbean Netherlands,Caribisch Nederland,Pays-Bas caribéens,Karibische Niederlande,カリブ海オランダ,카리브해 네덜란드,Holanda caribenha,Карибские Нидерланды,Caribe Neerlandés,Karibiska Nederländerna,Karayip Hollandası,هولندا الكاريبية,Karipska Nizozemska
baq,British Antarctic,Brits Antarctica,Antarctique britannique,Britische Antarktis,イギリスの南極,영국 남극,Antártida Britânica,Британская Антарктика,Antártida británica,Brittiska Antarktis,İngiliz Antarktika,القطب الجنوبي البريطاني,Britanski Antarktik
br,Brazil,Brazilië,Brésil,Brasilien,ブラジル,브라질,Brasil,Бразилия,Brasil,Brasilien,Brezilya,البرازيل,Brazil
bs,Bahamas,Bahamas,Bahamas,Bahamas,バハマ,바하마,Bahamas,Багамы,bahamas,Bahamas,Bahamalar,جزر البهاما,Bahami
bt,Bhutan,Bhutan,Bhoutan,Bhutan,ブータン,부탄,Butão,Бутан,Bután,Bhutan,Butan,بوتان,Butan
bv,Bouvet Island,Bouvet-eiland,Île Bouvet,Bouvetinsel,ブーベ島,부베섬,Ilha Bouvet,Остров Буве,Isla Bouvet,Bouvetön,Bouvet Adası,جزيرة بوفيه,otok Bouvet
bw,Botswana,Botswana,Botswana,Botswana,ボツワナ,보츠와나,Botsuana,Ботсвана,Botsuana,Botswana,Botsvana,بوتسوانا,Bocvana
by,Belarus,Wit-Rusland,Biélorussie,Weißrussland,ベラルーシ,벨라루스,Bielorrússia,Беларусь,Bielorrusia,Belarus,Beyaz Rusya,بيلاروسيا,Bjelorusija
bz,Belize,Belize,Bélize,Belize,ベリーズ,벨리즈,Belize,Белиз,Belice,Belize,Belize,بليز,Belize
ca,Canada,Canada,Canada,Kanada,カナダ,캐나다,Canadá,Канада,Canadá,Kanada,Kanada,كندا,Kanada
cc,Cocos Islands,Cocoseilanden,Îles Cocos,Kokosinseln,ココス諸島,코코스 제도,Ilhas Cocos,Кокосовые острова,Islas Cocos,Cocosöarna,Cocos Adaları,جزر كوكوس,Kokosovo otočje
cd,Democratic Republic of the Congo,Democratische Republiek Congo,République démocratique du Congo,Demokratische Republik Kongo,コンゴ民主共和国,콩고민주공화국,República Democrática do Congo,Демократическая Республика Конго,República Democrática del Congo,Demokratiska republiken Kongo,Kongo Demokratik Cumhuriyeti,جمهورية الكونغو الديمقراطية,Demokratska Republika Kongo
cf,Central African Republic,Centraal-Afrikaanse Republiek,République centrafricaine,Zentralafrikanische Republik,中央アフリカ共和国,중앙아프리카공화국,República Centro-Africana,Центральноафриканская Республика,República Centroafricana,Centralafrikanska republiken,Orta Afrika Cumhuriyeti,جمهورية أفريقيا الوسطى,Srednjoafrička Republika
cg,Congo,Congo,Congo,Kongo,コンゴ,콩고,Congo,Конго,Congo,Kongo,Kongo,الكونغو,Kongo
ch,Switzerland,Zwitserland,Suisse,Schweiz,スイス,스위스,Suíça,Швейцария,Suiza,Schweiz,İsviçre,سويسرا,Švicarska
ci,Ivory Coast,Ivoorkust,Côte d'Ivoire,Elfenbeinküste,コートジボワール,상아 해안,Costa do Marfim,Кот-д'Ивуар,Costa de Marfil,Elfenbenskusten,Fildişi Sahili,ساحل العاج,Obala Bjelokosti
ck,Cook Islands,Cook Eilanden,Îles Cook,Cookinseln,クック諸島,쿡 제도,Ilhas Cook,Острова Кука,Islas Cook,Cooköarna,Cook Adaları,جزر كوك,Cookovi otoci
cl,Chile,Chili,Chili,Chile,チリ,칠레,Chile,Чили,Chile,Chile,Şili,شيلي,Čile
cm,Cameroon,Kameroen,Cameroun,Kamerun,カメルーン,카메룬,Camarões,Камерун,Camerún,Kamerun,Kamerun,الكاميرون,Kamerun
cn,China,China,Chine,China,中国,중국,China,Китай,Porcelana,Kina,Çin,الصين,Kina
co,Colombia,Colombia,Colombie,Kolumbien,コロンビア,콜롬비아,Colômbia,Колумбия,Colombia,Colombia,Kolombiya,كولومبيا,Kolumbija
cr,Costa Rica,Costa Rica,Costa Rica,Costa Rica,コスタリカ,코스타리카,Costa Rica,Коста-Рика,Costa Rica,Costa Rica,Kosta Rika,كوستاريكا,Kostarika
cu,Cuba,Cuba,Cuba,Kuba,キューバ,쿠바,Cuba,Куба,Cuba,Kuba,Küba,كوبا,Kuba
cv,Cape Verde,Kaapverdië,Cap-Vert,Kap Verde,カーボベルデ,카보베르데,Cabo Verde,Кабо-Верде,Cabo Verde,Kap Verde,Yeşil Burun Adaları,الرأس الأخضر,Kabo Verde
cw,Curacao,Curacao,Curaçao,Curaçao,キュラソー,퀴라소,Curaçao,Кюрасао,Curazao,Curacao,Curaçao,كوراكاو,Curacao
cx,Christmas Island,Christmaseiland,Île Christmas,Weihnachtsinsel,クリスマス島,크리스마스 섬,Ilha Natal,Остров Рождества,Isla de Navidad,Julön,Noel Adası,جزيرة عيد الميلاد,Božićni otok
cy,Cyprus,Cyprus,Chypre,Zypern,キプロス,키프로스,Chipre,Кипр,Chipre,Cypern,Kıbrıs,قبرص,Cipar
cz,Czechia,Tsjechië,Tchéquie,Tschechien,チェコ,체코,Tcheca,Чехия,Chequia,Tjeckien,Çekya,التشيك,Češka
de,Germany,Duitsland,Allemagne,Deutschland,ドイツ,독일,Alemanha,Германия,Alemania,Tyskland,Almanya,ألمانيا,Njemačka
dj,Djibouti,Djibouti,Djibouti,Dschibuti,ジブチ,지부티,Djibuti,Джибути,Yibuti,Djibouti,Cibuti,جيبوتي,Džibuti
dk,Denmark,Denemarken,Danemark,Dänemark,デンマーク,덴마크,Dinamarca,Дания,Dinamarca,Danmark,Danimarka,الدنمارك,Danska
dm,Dominica,Dominica,Dominique,Dominica,ドミニカ,도미니카,Domínica,Доминика,república dominicana,Dominica,Dominika,دومينيكا,Dominika
do,Dominican Republic,Dominicaanse Republiek,République dominicaine,Dominikanische Republik,ドミニカ共和国,도미니카 공화국,República Dominicana,Доминиканская Республика,República Dominicana,Dominikanska republiken,Dominik Cumhuriyeti,جمهورية الدومينيكان,Dominikanska Republika
dz,Algeria,Algerije,Algérie,Algerien,アルジェリア,알제리,Argélia,Алжир,Argelia,Algeriet,Cezayir,الجزائر,Alžir
ec,Ecuador,Ecuador,Équateur,Ecuador,エクアドル,에콰도르,Equador,Эквадор,Ecuador,Ecuador,Ekvador,الاكوادور,Ekvador
ee,Estonia,Estland,Estonie,Estland,エストニア,에스토니아,Estônia,Эстония,Estonia,Estland,Estonya,إستونيا,Estonija
eg,Egypt,Egypte,Egypte,Ägypten,エジプト,이집트,Egito,Египет,Egipto,Egypten,Mısır,مصر,Egipat
eh,Western Sahara,Westelijke Sahara,Sahara occidental,Westsahara,西サハラ,서사하라,Saara Ocidental,Западная Сахара,Sáhara Occidental,Västsahara,Batı Sahra,الصحراء الغربية,Zapadna Sahara
ei,Sint Eustatius,Sint Eustatius,Saint-Eustache,Sint Eustatius,シント・ユースタティウス,신트 유스타티우스,Santo Eustáquio,Синт-Эстатиус,San Eustaquio,Sint Eustatius,Sint Eustatius,سينت اوستاتيوس,Sveti Eustatije
er,Eritrea,Eritrea,Érythrée,Eritrea,エリトリア,에리트레아,Eritreia,Эритрея,Eritrea,Eritrea,Eritre,إريتريا,Eritreja
es,Spain,Spanje,Espagne,Spanien,スペイン,스페인,Espanha,Испания,España,Spanien,İspanya,إسبانيا,Španjolska
et,Ethiopia,Ethiopië,Ethiopie,Äthiopien,エチオピア,에티오피아,Etiópia,Эфиопия,Etiopía,Etiopien,Etiyopya,أثيوبيا,Etiopija
fi,Finland,Finland,Finlande,Finnland,フィンランド,핀란드,Finlândia,Финляндия,Finlandia,Finland,Finlandiya,فنلندا,Finska
fj,Fiji,Fiji,Fidji,Fidschi,フィジー,피지,Fiji,Фиджи,Fiyi,Fiji,Fiji,فيجي,Fidži
fk,Falkland Islands,Falklandeilanden,Îles Malouines,Falklandinseln,フォークランド諸島,포클랜드 제도,Ilhas Malvinas,Фолклендские острова,Islas Malvinas,Falklandsöarna,Falkland Adaları,جزر فوكلاند,Falklandski otoci
fm,Micronesia,Micronesië,Micronésie,Mikronesien,ミクロネシア,미크로네시아,Micronésia,Микронезия,Micronesia,Mikronesien,Mikronezya,ميكرونيزيا,Mikronezija
fo,Faroe Islands,Faeröer eilanden,Îles Féroé,Färöer-Inseln,フェロー諸島,페로 제도,Ilhas Faroé,Фарерские острова,Islas Feroe,Färöarna,Faroe Adaları,جزر فارو,Farski otoci
fr,France,Frankrijk,France,Frankreich,フランス,프랑스,França,Франция,Francia,Frankrike,Fransa,فرنسا,Francuska
ga,Gabon,Gabon,Gabon,Gabun,ガボン,가봉,Gabão,Габон,Gabón,Gabon,Gabon,الجابون,Gabon
gb,United Kingdom,Verenigd Koninkrijk,Royaume-Uni,Vereinigtes Königreich,イギリス,영국,Reino Unido,Великобритания,Reino Unido,Storbritannien,Birleşik Krallık,المملكة المتحدة,Velika Britanija
gb-eng,England,Engeland,Angleterre,England,イングランド,영국,Inglaterra,Англия,Inglaterra,England,İngiltere,انجلترا,Engleska
gb-nir,Northern Ireland,Noord-Ierland,Irlande du Nord,Nordirland,北アイルランド,북아일랜드,Irlanda do Norte,Северная Ирландия,Irlanda del Norte,Nordirland,Kuzey İrlanda,أيرلندا الشمالية,Sjeverna Irska
gb-sct,Scotland,Schotland,Écosse,Schottland,スコットランド,스코틀랜드,Escócia,Шотландия,Escocia,Skottland,İskoçya,اسكتلندا,Škotska
gb-wls,Wales,Wales,Pays de Galles,Wales,ウェールズ,웨일즈,País de Gales,Уэльс,Gales,Wales,Galler,ويلز,Wales
gd,Grenada,Grenada,Grenade,Grenada,グレナダ,그레나다,Granada,Гренада,Granada,Grenada,Grenada,غرينادا,Grenada
ge,Georgia,Georgië,Géorgie,Georgia,ジョージア,그루지야,Geórgia,Грузия,Georgia,Georgien,Georgia,جورجيا,Gruzija
gf,French Guiana,Frans-Guyana,Guyane française,Französisch-Guayana,フランス領ギアナ,프랑스령 기아나,Guiana Francesa,Французская Гвиана,Guayana Francesa,Franska Guyana,Fransız Guyanası,غيانا الفرنسية,Francuska Gvajana
gg,Guernsey,Guernsey,Guernesey,Guernsey,ガーンジー島,건지,Guernsey,Гернси,Guernesey,Guernsey,Guernsey,غيرنسي,Guernsey
gh,Ghana,Ghana,Ghana,Ghana,ガーナ,가나,Gana,Гана,Ghana,Ghana,Gana,غانا,Gana
gi,Gibraltar,Gibraltar,Gibraltar,Gibraltar,ジブラルタル,지브롤터,Gibraltar,Гибралтар,Gibraltar,Gibraltar,Cebelitarık,جبل طارق,Gibraltar
gl,Greenland,Groenland,Groenland,Grönland,グリーンランド,그린란드,Groenlândia,Гренландия,Tierra Verde,Grönland,Grönland,جرينلاند,Grenland
gm,Gambia,Gambia,Gambie,Gambia,ガンビア,감비아,Gâmbia,Гамбия,Gambia,Gambia,Gambiya,غامبيا,Gambija
gn,Guinea,Guinea,Guinée,Guinea,ギニア,기니,Guiné,Гвинея,Guinea,Guinea,Gine,غينيا,Gvineja
gp,Guadeloupe,Guadeloupe,Guadeloupe,Guadeloupe,グアドループ,과들루프,Guadalupe,Гваделупа,Guadalupe,Guadeloupe,Guadeloupe,جوادلوب,Guadeloupe
gq,Equatorial Guinea,Equatoriaal-Guinea,Guinée équatoriale,Äquatorialguinea,赤道ギニア,적도 기니,Guiné Equatorial,Экваториальная Гвинея,Guinea Ecuatorial,Ekvatorialguinea,Ekvator Ginesi,غينيا الاستوائية,Ekvatorijalna Gvineja
gr,Greece,Griekenland,Grèce,Griechenland,ギリシャ,그리스,Grécia,Греция,Grecia,Grekland,Yunanistan,اليونان,Grčka
gs,South Georgia and the South Sandwich Islands,Zuid-Georgië en de Zuidelijke Sandwicheilanden,Géorgie du Sud et îles Sandwich du Sud,Südgeorgien und die Südlichen Sandwichinseln,サウスジョージア島とサウスサンドイッチ諸島,사우스조지아 사우스샌드위치 제도,Geórgia do Sul e Ilhas Sandwich do Sul,Южная Георгия и Южные Сандвичевы острова,Islas Georgias del Sur y Sandwich del Sur,South Georgia och South Sandwich Islands,Güney Georgia ve Güney Sandwich Adaları,جورجيا الجنوبية وجزر ساندويتش الجنوبية,Južna Georgija i Otočje Južni Sendvič
gt,Guatemala,Guatemala,Guatemala,Guatemala,グアテマラ,과테말라,Guatemala,Гватемала,Guatemala,Guatemala,Guatemala,غواتيمالا,Gvatemala
gu,Guam,Guam,Guam,Guam,グアム,괌,Guam,Гуам,Guam,Guam,Guam,غوام,Guam
gw,Guinea-Bissau,Guinee-Bissau,Guinée-Bissau,Guinea-Bissau,ギニアビサウ,기니비사우,Guiné-Bissau,Гвинея-Бисау,Guinea-Bisáu,Guinea-Bissau,Gine-Bissau,غينيا بيساو,Gvineja Bisau
gy,Guyana,Guyana,Guyane,Guyana,ガイアナ,가이아나,Guiana,Гайана,Guayana,Guyana,Guyana,غيانا,Gvajana
hk,Hong Kong,Hongkong,Hong Kong,Hongkong,香港,홍콩,Hong Kong,Гонконг,Hong Kong,Hong Kong,Hong Kong,هونج كونج,Hong Kong
hm,Heard Island and McDonald Islands,Heard-eiland en McDonald-eilanden,Île Heard et îles McDonald,Heard-Insel und McDonald-Inseln,ハード島とマクドナルド諸島,허드섬과 맥도날드 제도,Ilha Heard e Ilhas McDonald,Остров Херд и острова Макдональда,Islas Heard y McDonald,Heard Island och McDonald Islands,Heard Adası ve McDonald Adaları,جزيرة هيرد وجزر ماكدونالد,Heard Island i McDonald Islands
hn,Honduras,Honduras,Honduras,Honduras,ホンジュラス,온두라스,Honduras,Гондурас,Honduras,Honduras,Honduras,هندوراس,Honduras
hr,Croatia,Kroatië,Croatie,Kroatien,クロアチア,크로아티아,Croácia,Хорватия,Croacia,Kroatien,Hırvatistan,كرواتيا,Hrvatska
ht,Haiti,Haïti,Haïti,Haiti,ハイチ,아이티,Haiti,Гаити,Haití,Haiti,Haiti,هايتي,Haiti
hu,Hungary,Hongarije,Hongrie,Ungarn,ハンガリー,헝가리,Hungria,Венгрия,Hungría,Ungern,Macaristan,هنغاريا,Mađarska
id,Indonesia,Indonesië,Indonésie,Indonesien,インドネシア,인도네시아 공화국,Indonésia,Индонезия,Indonesia,Indonesien,Endonezya,أندونيسيا,Indonezija
ie,Ireland,Ierland,Irlande,Irland,アイルランド,아일랜드,Irlanda,Ирландия,Irlanda,Irland,İrlanda,أيرلندا,Irska
il,Israel,Israël,Israël,Israel,イスラエル,이스라엘,Israel,Израиль,Israel,Israel,İsrail,إسرائيل,Izrael
im,Isle of Man,Eiland Man,Île de Man,Insel Man,マン島,맨 섬,Ilha de Man,Остров Мэн,isla de man,Isle of Man,Man Adası,جزيرة مان,Otok Man
in,India,Indië,Inde,Indien,インド,인도,Índia,Индия,India,Indien,Hindistan,الهند,Indija
io,British Indian Ocean Territory,Brits Indische Oceaanterritorium,Territoire britannique de l'océan Indien,Britisches Territorium im Indischen Ozean,英領インド洋領土,영국령 인도양 지역,Território Britânico do Oceano Índico,Британская территория в Индийском океане,Territorio Británico del Océano Índico,Brittiska territoriet i Indiska oceanen,Britanya Hint Okyanusu Bölgesi,إقليم المحيط الهندي البريطاني,Britanski teritorij Indijskog oceana
iq,Iraq,Irak,Irak,Irak,イラク,이라크,Iraque,Ирак,Irak,Irak,Irak,العراق,Irak
ir,Iran,Iran,L'Iran,Iran,イラン,이란,Irã,Иран,Irán,Iran,İran,إيران,Iran
is,Iceland,IJsland,Islande,Island,アイスランド,아이슬란드,Islândia,Исландия,Islandia,Island,İzlanda,أيسلندا,Island
it,Italy,Italië,Italie,Italien,イタリア,이탈리아,Itália,Италия,Italia,Italien,İtalya,إيطاليا,Italija
je,Jersey,Jersey,Jersey,Jersey,ジャージー,저지,Jersey,Джерси,Jersey,Jersey,Jersey,جيرسي,Dres
jm,Jamaica,Jamaica,Jamaïque,Jamaika,ジャマイカ,자메이카,Jamaica,Ямайка,Jamaica,Jamaica,Jamaika,جامايكا,Jamajka
jo,Jordan,Jordanië,Jordanie,Jordanien,ヨルダン,요르단,Jordânia,Иордания,Jordán,Jordanien,Ürdün,الأردن,Jordan
jp,Japan,Japan,Japon,Japan,日本,일본,Japão,Япония,Japón,Japan,Japonya,اليابان,Japan
ke,Kenya,Kenia,Kenya,Kenia,ケニア,케냐,Quênia,Кения,Kenia,Kenya,Kenya,كينيا,Kenija
kg,Kyrgyzstan,Kirgizië,Kirghizistan,Kirgisistan,キルギス,키르기스스탄,Quirguistão,Кыргызстан,Kirguistán,Kirgizistan,Kırgızistan,قيرغيزستان,Kirgistan
kh,Cambodia,Cambodja,Cambodge,Kambodscha,カンボジア,캄보디아,Camboja,Камбоджа,Camboya,Kambodja,Kamboçya,كمبوديا,Kambodža
ki,Kiribati,Kiribati,Kiribati,Kiribati,キリバス,키리바시,Quiribáti,Кирибати,Kiribati,Kiribati,Kiribati,كيريباتي,Kiribati
km,Comoros,Comoren,Comores,Komoren,コモロ,코모로,Comores,Коморские острова,Comoras,Komorerna,Komorlar,جزر القمر,Komori
kn,Saint Kitts and Nevis,Saint Kitts en Nevis,Saint-Christophe-et-Niévès,St. Kitts und Nevis,セントクリストファー・ネイビス,세인트키츠네비스,São Cristóvão e Nevis,Сент-Китс и Невис,San Cristóbal y Nieves,Saint Kitts och Nevis,Saint Kitts ve Nevis,سانت كيتس ونيفيس,Sveti Kristofor i Nevis
kp,North Korea,Noord-Korea,Corée du Nord,Nordkorea,北朝鮮,북한,Coréia do Norte,Северная Корея,Corea del Norte,Nordkorea,Kuzey Kore,كوريا الشمالية,Sjeverna Koreja
kr,South Korea,Zuid-Korea,Corée du Sud,Südkorea,韓国,대한민국,Coréia do Sul,Южная Корея,Corea del Sur,Sydkorea,Güney Kore,كوريا الجنوبية,Južna Koreja
kw,Kuwait,Koeweit,Koweït,Kuwait,クウェート,쿠웨이트,Kuwait,Кувейт,Kuwait,Kuwait,Kuveyt,الكويت,Kuvajt
ky,Cayman Islands,Kaaimaneilanden,Îles Caïmans,Kaimaninseln,ケイマン諸島,케이맨 제도,Ilhas Cayman,Каймановы острова,Islas Caimán,Caymanöarna,Cayman Adaları,جزر كايمان,Kajmanski otoci
kz,Kazakhstan,Kazachstan,Kazakhstan,Kasachstan,カザフスタン,카자흐스탄,Cazaquistão,Казахстан,Kazajstán,Kazakstan,Kazakistan,كازاخستان,Kazahstan
la,Laos,Laos,Laos,Laos,ラオス,라오스,Laos,Лаос,Laos,Laos,Laos,لاوس,Laos
lb,Lebanon,Libanon,Liban,Libanon,レバノン,레바논,Líbano,Ливан,Líbano,Libanon,Lübnan,لبنان,Libanon
lc,Saint Lucia,Sint Lucia,Sainte-Lucie,St. Lucia,セントルシア,세인트루시아,Santa Lúcia,Сент-Люсия,Santa Lucía,Saint Lucia,Aziz Lucia,سانت لوسيا,Sveta Lucija
li,Liechtenstein,Liechtenstein,Liechtenstein,Liechtenstein,リヒテンシュタイン,리히텐슈타인,Liechtenstein,Лихтенштейн,Liechtenstein,Liechtenstein,Lihtenştayn,ليختنشتاين,Lihtenštajn
lk,Sri Lanka,Sri Lanka,Sri Lanka,Sri Lanka,スリランカ,스리랑카,Sri Lanka,Шри-Ланка,Sri Lanka,Sri Lanka,Sri Lanka,سريلانكا,Šri Lanka
lr,Liberia,Liberia,Libéria,Liberia,リベリア,라이베리아,Libéria,Либерия,Liberia,Liberia,Liberya,ليبيريا,Liberija
ls,Lesotho,Lesotho,Lesotho,Lesotho,レソト,레소토,Lesoto,Лесото,Lesoto,Lesotho,Lesoto,ليسوتو,Lesoto
lt,Lithuania,Litouwen,Lituanie,Litauen,リトアニア,리투아니아,Lituânia,Литва,Lituania,Litauen,Litvanya,ليتوانيا,Litva
lu,Luxembourg,Luxemburg,Luxembourg,Luxemburg,ルクセンブルク,룩셈부르크,Luxemburgo,Люксембург,Luxemburgo,Luxemburg,Lüksemburg,لوكسمبورغ,Luksemburg
lv,Latvia,Letland,Lettonie,Lettland,ラトビア,라트비아,Letônia,Латвия,Letonia,Lettland,Letonya,لاتفيا,Latvija
ly,Libya,Libië,Libye,Libyen,リビア,리비아,Líbia,Ливия,Libia,Libyen,Libya,ليبيا,Libija
ma,Morocco,Marokko,Maroc,Marokko,モロッコ,모로코 가죽,Marrocos,Марокко,Marruecos,Marocko,Fas,المغرب,Maroko
mc,Monaco,Monaco,Monaco,Monaco,モナコ,모나코,Mônaco,Монако,Mónaco,Monaco,Monako,موناكو,Monako
md,Moldova,Moldavië,Moldavie,Moldawien,モルドバ,몰도바,Moldávia,Молдова,Moldavia,Moldavien,Moldova,مولدوفا,Moldavija
me,Montenegro,Montenegro,Monténégro,Montenegro,モンテネグロ,몬테네그로,Montenegro,Черногория,Montenegro,Montenegro,Karadağ,الجبل الأسود,Crne Gore
mf,Saint Martin,Sint Maarten,Saint-Martin,Sankt Martin,セント・マーチン島,세인트 마틴,São Martinho,Сен-Мартен,San Martín,Sankt Martin,Aziz Martin,سانت مارتن,Sveti Martin
mg,Madagascar,Madagascar,Madagascar,Madagaskar,マダガスカル,마다가스카르,Madagáscar,Мадагаскар,Madagascar,Madagaskar,Madagaskar,مدغشقر,Madagaskar
mh,Marshall Islands,Marshall eilanden,Îles Marshall,Marshallinseln,マーシャル諸島,마샬 군도,Ilhas Marshall,Маршалловы острова,Islas Marshall,Marshallöarna,Marshall Adaları,جزر مارشال,Maršalovi otoci
mk,North Macedonia,Noord-Macedonië,Macédoine du Nord,Nordmazedonien,北マケドニア,북마케도니아,Macedônia do Norte,Северная Македония,Macedonia del Norte,Nordmakedonien,Kuzey Makedonya,مقدونيا الشمالية,Sjeverna Makedonija
ml,Mali,Mali,Mali,Mali,マリ,말리,Mali,Мали,Malí,Mali,Mali,مالي,Mali
mm,Myanmar,Myanmar,Birmanie,Myanmar,ミャンマー,미얀마,Mianmar,Мьянма,Birmania,Myanmar,Myanmar,ميانمار,Mianmar
mn,Mongolia,Mongolië,Mongolie,Mongolei,モンゴル,몽골리아,Mongólia,Монголия,Mongolia,mongoliet,Moğolistan,منغوليا,Mongolija
mo,Macau,Macau,Macao,Macau,マカオ,마카오,Macau,Макао,Macao,Macau,Makao,ماكاو,Makao
mp,Northern Mariana Islands,Noordelijke Marianen,Îles Mariannes du Nord,Nördliche Marianen,北マリアナ諸島,북마리아나 제도,Ilhas Marianas do Norte,Северные Марианские острова,Islas Marianas del Norte,Nordmarianerna,Kuzey Mariana Adaları,جزر ماريانا الشمالية,Sjeverno Marijansko otočje
mq,Martinique,Martinique,Martinique,Martinique,マルティニーク,마르티니크,Martinica,Мартиника,Martinica,Martinique,Martinik,مارتينيك,Martinik
mi,Martinique,Martinique,Martinique,Martinique,マルティニーク,마르티니크,Martinica,Мартиника,Martinica,Martinique,Martinik,مارتينيك,Martinik
mr,Mauritania,Mauritanië,Mauritanie,Mauretanien,モーリタニア,모리타니,Mauritânia,Мавритания,Mauritania,Mauretanien,Moritanya,موريتانيا,Mauritanija
ms,Montserrat,Montserrat,Montserrat,Montserrat,モントセラト,몬세라트,Montserrate,Монтсеррат,Montserrat,Montserrat,Montserrat,مونتسيرات,Montserrat
mt,Malta,Malta,Malte,Malta,マルタ,몰타,Malta,Мальта,Malta,Malta,Malta,مالطا,Malta
mu,Mauritius,Mauritius,Maurice,Mauritius,モーリシャス,모리셔스,Maurício,Маврикий,Mauricio,Mauritius,Mauritius,موريشيوس,Mauricijus
mv,Maldives,Maldiven,Maldives,Malediven,モルディブ,몰디브,Maldivas,Мальдивы,Maldivas,Maldiverna,Maldivler,جزر المالديف,Maldivi
mw,Malawi,Malawi,Malawi,Malawi,マラウイ,말라위,Maláui,Малави,Malaui,Malawi,Malawi,ملاوي,Malavi
mx,Mexico,Mexico,Mexique,Mexiko,メキシコ,멕시코,México,Мексика,México,Mexiko,Meksika,المكسيك,Meksiko
my,Malaysia,Maleisië,Malaisie,Malaysia,マレーシア,말레이시아,Malásia,Малайзия,Malasia,Malaysia,Malezya,ماليزيا,Malezija
mz,Mozambique,Mozambique,Mozambique,Mosambik,モザンビーク,모잠비크,Moçambique,Мозамбик,Mozambique,Moçambique,Mozambik,موزمبيق,Mozambik
na,Namibia,Namibië,Namibie,Namibia,ナミビア,나미비아,Namíbia,Намибия,Namibia,Namibia,Namibya,ناميبيا,Namibija
nc,New Caledonia,Nieuw-Caledonië,Nouvelle-Calédonie,Neukaledonien,ニューカレドニア,뉴칼레도니아,Nova Caledônia,Новая Каледония,Nueva Caledonia,Nya Kaledonien,Yeni Kaledonya,كاليدونيا الجديدة,Nova Kaledonija
ne,Niger,Niger,Niger,Niger,ニジェール,니제르,Níger,Нигер,Níger,Niger,Nijer,النيجر,Niger
nf,Norfolk Island,Norfolkeiland,Île Norfolk,Norfolkinsel,ノーフォーク島,노퍽 섬,Ilha Norfolk,Остров Норфолк,Isla Norfolk,Norfolkön,Norfolk Adası,جزيرة نورفولك,Otok Norfolk
ng,Nigeria,Nigeria,Nigeria,Nigeria,ナイジェリア,나이지리아,Nigéria,Нигерия,Nigeria,Nigeria,Nijerya,نيجيريا,Nigerija
ni,Nicaragua,Nicaragua,Nicaragua,Nicaragua,ニカラグア,니카라과,Nicarágua,Никарагуа,Nicaragua,Nicaragua,Nikaragua,نيكاراغوا,Nikaragva
nl,Netherlands,Nederland,Pays-Bas,Niederlande,オランダ,네덜란드,Holanda,Нидерланды,Países Bajos,Nederländerna,Hollanda,هولندا,Nizozemska
no,Norway,Noorwegen,Norvège,Norwegen,ノルウェー,노르웨이,Noruega,Норвегия,Noruega,Norge,Norveç,النرويج,Norveška
np,Nepal,Nepal,Népal,Nepal,ネパール,네팔,Nepal,Непал,Nepal,Nepal,Nepal,نيبال,Nepal
nr,Nauru,Nauru,Nauru,Nauru,ナウル,나우루,Nauru,Науру,Nauru,Nauru,Nauru'lu,ناورو,Nauru
nu,Niue,Niue,Nioué,Niue,ニウエ,니우에,Niue,Ниуэ,Niue,Niue,Niue,نيوي,Niue
nz,New Zealand,Nieuw-Zeeland,Nouvelle-Zélande,Neuseeland,ニュージーランド,뉴질랜드,Nova Zelândia,Новая Зеландия,Nueva Zelanda,Nya Zeeland,Yeni Zelanda,نيوزيلندا,Novi Zeland
om,Oman,Oman,Oman,Oman,オマーン,오만,Omã,Оман,Omán,oman,Umman,عمان,Oman
pa,Panama,Panama,Panama,Panama,パナマ,파나마,Panamá,Панама,Panamá,Panama,Panama,بنما,Panama
pe,Peru,Peru,Pérou,Peru,ペルー,페루,Peru,Перу,Perú,Peru,Peru,بيرو,Peru
pf,French Polynesia,Frans-Polynesië,Polynésie française,Französisch-Polynesien,フランス領ポリネシア,프랑스령 폴리네시아,Polinésia Francesa,Французская Полинезия,Polinesia Francesa,Franska Polynesien,Fransız Polinezyası,بولينيزيا الفرنسية,Francuska Polinezija
pg,Papua New Guinea,Papoea-Nieuw-Guinea,Papouasie-Nouvelle-Guinée,Papua-Neuguinea,パプアニューギニア,파푸아뉴기니,Papua Nova Guiné,Папуа-Новая Гвинея,Papúa Nueva Guinea,Papua Nya Guinea,Papua Yeni Gine,بابوا غينيا الجديدة,Papua Nova Gvineja
ph,Philippines,Filippijnen,Philippines,Philippinen,フィリピン,필리핀 제도,Filipinas,Филиппины,Filipinas,Filippinerna,Filipinler,فيلبيني,Filipini
pk,Pakistan,Pakistan,Pakistan,Pakistan,パキスタン,파키스탄,Paquistão,Пакистан,Pakistán,Pakistan,Pakistan,باكستان,Pakistan
pl,Poland,Polen,Pologne,Polen,ポーランド,폴란드,Polônia,Польша,Polonia,Polen,Polonya,بولندا,Poljska
pm,Saint Pierre and Miquelon,Saint-Pierre en Miquelon,Saint-Pierre-et-Miquelon,Saint-Pierre und Miquelon,サンピエール島ミクロン島,생 피에르 앤 미클롱,São Pedro e Miquelon,Сен-Пьер и Микелон,San Pedro y Miquelón,Saint Pierre och Miquelon,Saint Pierre ve Miquelon,سان بيير وميكلون,Saint Pierre i Miquelon
pn,Pitcairn Islands,Pitcairneilanden,Îles Pitcairn,Pitcairninseln,ピトケアン諸島,핏케언 제도,Ilhas Pitcairn,Острова Питкэрн,Islas Pitcairn,Pitcairnöarna,Pitcairn Adaları,جزر بيتكيرن,Otoci Pitcairn
pr,Puerto Rico,Puerto Rico,Porto Rico,Puerto Rico,プエルトリコ,푸에르토리코,Porto Rico,Пуэрто-Рико,Puerto Rico,Puerto Rico,Porto Riko,بورتوريكو,Portoriko
ps,Palestine,Palestina,Palestine,Palästina,パレスチナ,팔레스타인,Palestina,Палестина,Palestina,Palestina,Filistin,فلسطين,Palestina
pt,Portugal,Portugal,Portugal,Portugal,ポルトガル,포르투갈,Portugal,Португалия,Portugal,Portugal,Portekiz,البرتغال,Portugal
pw,Palau,Palau,Palaos,Palau,パラオ,팔라우,Palau,Палау,Palaos,Palau,Palau,بالاو,Palau
py,Paraguay,Paraguay,Paraguay,Paraguay,パラグアイ,파라과이,Paraguai,Парагвай,Paraguay,Paraguay,Paraguay,باراجواي,Paragvaj
qa,Qatar,Katar,Qatar,Katar,カタール,카타르,Catar,Катар,Katar,Qatar,Katar,قطر,Katar
re,Reunion,Bijeenkomst,Réunion,Wiedervereinigung,再会,재결합,Reunião,Воссоединение,Reunión,Återförening,Yeniden Birleşme,جمع شمل,Ponovno okupljanje
ro,Romania,Roemenië,Roumanie,Rumänien,ルーマニア,루마니아,Romênia,Румыния,Rumania,Rumänien,Romanya,رومانيا,Rumunija
rs,Serbia,Servië,Serbie,Serbien,セルビア,세르비아,Sérvia,Сербия,Serbia,Serbien,Sırbistan,صربيا,Srbija
ru,Russia,Rusland,Russie,Russland,ロシア,러시아 제국,Rússia,Россия,Rusia,Ryssland,Rusya,روسيا,Rusija
rw,Rwanda,Rwanda,Rwanda,Ruanda,ルワンダ,르완다,Ruanda,Руанда,Ruanda,Rwanda,Ruanda,رواندا,Ruanda
sa,Saudi Arabia,Saoedi-Arabië,Arabie Saoudite,Saudi-Arabien,サウジアラビア,사우디아라비아,Arábia Saudita,Саудовская Аравия,Arabia Saudita,saudi-arabien,Suudi Arabistan,المملكة العربية السعودية,Saudijska Arabija
sb,Solomon Islands,Salomonseilanden,Îles Salomon,Salomonen,ソロモン諸島,솔로몬 제도,Ilhas Salomão,Соломоновы Острова,Islas Salomón,Salomonöarna,Solomon Adaları,جزر سليمان,Solomonski otoci
sc,Seychelles,Seychellen,Seychelles,Seychellen,セーシェル,세이셸,Seicheles,Сейшельские острова,Seychelles,Seychellerna,Seyşeller,سيشيل,Sejšeli
sd,Sudan,Soedan,Soudan,Sudan,スーダン,수단,Sudão,Судан,Sudán,Sudan,Sudan,السودان,Sudan
se,Sweden,Zweden,Suède,Schweden,スウェーデン,스웨덴,Suécia,Швеция,Suecia,Sverige,İsveç,السويد,Švedska
sg,Singapore,Singapore,Singapour,Singapur,シンガポール,싱가포르,Cingapura,Сингапур,Singapur,Singapore,Singapur,سنغافورة,Singapur
sh,Saint Helena,Sint-Helena,Sainte-Hélène,St. Helena,セントヘレナ,세인트 헬레나,Santa Helena,Остров Святой Елены,santa elena,Sankta Helena,Aziz Helena,سانت هيلانة,Sveta Helena
si,Slovenia,Slovenië,Slovénie,Slowenien,スロベニア,슬로베니아,Eslovênia,Словения,Eslovenia,Slovenien,Slovenya,سلوفينيا,Slovenija
sj,Svalbard and Jan Mayen,Spitsbergen en Jan Mayen,Svalbard et Jan Mayen,Spitzbergen und Jan Mayen,スバールバル諸島とヤンマイエン島,스발바르와 얀마옌,Svalbard e Jan Mayen,Шпицберген и Ян-Майен,Svalbard y Jan Mayen,Svalbard och Jan Mayen,Svalbard ve Jan Mayen,سفالبارد وجان ماين,Svalbard i Jan Mayen
sk,Slovakia,Slowakije,Slovaquie,Slowakei,スロバキア,슬로바키아,Eslováquia,Словакия,Eslovaquia,Slovakien,Slovakya,سلوفاكيا,Slovačka
sl,Sierra Leone,Sierra Leone,Sierra Leone,Sierra Leone,シエラレオネ,시에라리온,Serra Leoa,Сьерра-Леоне,Sierra Leona,Sierra Leone,Sierra Leone,سيراليون,Sijera Leone
sm,San Marino,San Marino,Saint-Marin,San Marino,サンマリノ,산마리노,São Marino,Сан-Марино,San Marino,San Marino,San Marino,سان مارينو,San Marino
sn,Senegal,Senegal,Sénégal,Senegal,セネガル,세네갈,Senegal,Сенегал,Senegal,Senegal,Senegal,السنغال,Senegal
so,Somalia,Somalië,Somalie,Somalia,ソマリア,소말리아,Somália,Сомали,Somalia,Somalia,Somali,الصومال,Somalija
sr,Suriname,Suriname,Surinam,Surinam,スリナム,수리남,Suriname,Суринам,Surinam,Surinam,Surinam,سورينام,Surinam
ss,South Sudan,Zuid-Soedan,Soudan du Sud,Südsudan,南スーダン,남수단,Sudão do Sul,Южный Судан,Sudán del Sur,Sydsudan,Güney Sudan,جنوب السودان,Južni Sudan
st,Sao Tome and Principe,Sao Tomé en Principe,Sao Tomé et Principe,São Tomé und Príncipe,サントメ・プリンシペ,상투메 프린시페,São Tomé e Príncipe,Сан-Томе и Принсипи,Santo Tomé y Príncipe,Sao Tomé och Principe,Sao Tome ve Principe,سان تومي وبرينسيبي,Sao Tome i Principe
sv,El Salvador,El Salvador,Salvador,El Salvador,エルサルバドル,엘살바도르,El Salvador,Сальвадор,Salvador,El Salvador,El Salvador,السلفادور,El Salvador
sx,Sint Maarten,Sint Maarten,Saint-Martin,Sint Maarten,シント・マールテン島,신트마르턴,São Martinho,Синт-Мартен,San Martín,Sint Maarten,Sint Maarten,سينت مارتن,Sint Maarten
sy,Syria,Syrië,Syrie,Syrien,シリア,시리아,Síria,Сирия,Siria,Syrien,Suriye,سوريا,Sirija
sz,Eswatini,Eswatini,Eswatini,Eswatini,エスワティニ,에스와티니,Essuatíni,Эсватини,Esuatini,Eswatini,Esvatini,إيسواتيني,Eswatini
tc,Turks and Caicos Islands,Turks- en Caicoseilanden,Îles Turques et Caïques,Turks- und Caicosinseln,タークス・カイコス諸島,터크스 케이커스 제도,Ilhas Turcas e Caicos,Острова Тёркс и Кайкос,Islas Turcas y Caicos,Turks- och Caicosöarna,Turks ve Caicos Adaları,جزر تركس وكايكوس,Otoci Turks i Caicos
td,Chad,Tsjaad,Tchad,Tschad,チャド,차드,Chade,Чад,Chad,Tchad,Çad,تشاد,Čad
tf,French Southern and Antarctic Lands,Franse Zuidelijke en Antarctische gebieden,Terres australes et antarctiques françaises,Französische Süd- und Antarktisgebiete,フランス南部および南極大陸,프랑스 남부 및 남극 지역,Terras Austrais e Antárticas Francesas,Французские южные и антарктические земли,Tierras Australes y Antárticas Francesas,Franska södra och antarktiska länder,Fransız Güney ve Antarktika Toprakları,الأراضي الفرنسية الجنوبية والقطبية الجنوبية,Francuske južne i antarktičke zemlje
tg,Togo,Togo,Aller,Togo,持ち帰り,토고,Ir,Того,Ir,Togo,Togo,توغو,Togo
th,Thailand,Thailand,Thaïlande,Thailand,タイ,태국,Tailândia,Таиланд,Tailandia,Thailand,Tayland,تايلاند,Tajland
tj,Tajikistan,Tadzjikistan,Tadjikistan,Tadschikistan,タジキスタン,타지키스탄,Tadjiquistão,Таджикистан,Tayikistán,Tadzjikistan,Tacikistan,طاجيكستان,Tadžikistan
tk,Tokelau,Tokelau,Tokélaou,Tokelau,トケラウ,토켈라우,Toquelau,Токелау,Tokelau,Tokelau,Tokelau,توكيلاو,Tokelau
tl,Timor-Leste,Oost-Timor,Timor Oriental,Timor-Leste,東ティモール,동티모르,Timor-Leste,Тимор-Лешти,Timor Oriental,Östtimor,Doğu Timor,تيمور الشرقية,Istočni Timor
tm,Turkmenistan,Turkmenistan,Turkménistan,Turkmenistan,トルクメニスタン,투르크메니스탄,Turquemenistão,Туркменистан,Turkmenistán,Turkmenistan,Türkmenistan,تركمانستان,Turkmenistan
tn,Tunisia,Tunesië,Tunisie,Tunesien,チュニジア,튀니지,Tunísia,Тунис,Túnez,Tunisien,Tunus,تونس,Tunis
to,Tonga,Tonga,Tonga,Tonga,トンガ,통가,Tonga,Тонга,Tonga,Tonga,Tonga,تونغا,Laka dvokolica
tr,Turkiye,Turkije,Turquie,Türkei,トルキエ,투르키예,Turquia,Турция,Turquía,Turkiye,Türkiye,تركيا,Turska
tt,Trinidad and Tobago,Trinidad en Tobago,Trinité-et-Tobago,Trinidad und Tobago,トリニダード・トバゴ,트리니다드 토바고,Trinidad e Tobago,Тринидад и Тобаго,Trinidad y Tobago,Trinidad och Tobago,Trinidad ve Tobago,ترينيداد وتوباغو,Trinidad i Tobago
tv,Tuvalu,Tuvalu,Tuvalu,Tuvalu,ツバル,투발루,Tuvalu,Тувалу,Tuvalu,Tuvalu,Tuvalu,توفالو,Tuvalu
tw,Taiwan,Taiwan,Taïwan,Taiwan,台湾,대만,Taiwan,Тайвань,Taiwán,Taiwan,Tayvan,تايوان,Tajvan
tz,Tanzania,Tanzania,Tanzanie,Tansania,タンザニア,탄자니아,Tanzânia,Танзания,Tanzania,Tanzania,Tanzanya,تنزانيا,Tanzanija
ua,Ukraine,Oekraïne,Ukraine,Ukraine,ウクライナ,우크라이나,Ucrânia,Украина,Ucrania,Ukraina,Ukrayna,أوكرانيا,Ukrajina
ug,Uganda,Oeganda,Ouganda,Uganda,ウガンダ,우간다,Uganda,Уганда,Uganda,Uganda,Uganda,أوغندا,Uganda
um,United States Minor Outlying Islands,Kleine afgelegen eilanden van de Verenigde Staten,Îles mineures éloignées des États-Unis,Kleinere vorgelagerte Inseln der Vereinigten Staaten,米国小離島,미국령 군소 제도,Ilhas Menores Distantes dos Estados Unidos,Малые отдаленные острова США,Islas menores alejadas de los Estados Unidos,Förenta staternas mindre avlägsna öar,Amerika Birleşik Devletleri Küçük Dış Adaları,جزر الولايات المتحدة النائية الصغيرة,Mali udaljeni otoci Sjedinjenih Država
us,United States of America,Verenigde Staten van Amerika,États-Unis d'Amérique,Vereinigte Staaten von Amerika,アメリカ合衆国,미국,Estados Unidos da América,Соединенные Штаты Америки,Estados Unidos de América,Amerikas förenta stater,Amerika Birleşik Devletleri,الولايات المتحدة الأمريكية,Sjedinjene Američke Države
uy,Uruguay,Uruguay,Uruguay,Uruguay,ウルグアイ,우루과이,Uruguai,Уругвай,Uruguay,Uruguay,Uruguay,أوروغواي,Urugvaj
uz,Uzbekistan,Oezbekistan,Ouzbékistan,Usbekistan,ウズベキスタン,우즈베키스탄,Uzbequistão,Узбекистан,Uzbekistán,Uzbekistan,Özbekistan,أوزبكستان,Uzbekistan
va,Vatican City,Vaticaanstad,Cité du Vatican,Vatikanstadt,バチカン市国,바티칸 시국,Cidade do Vaticano,Ватикан,Ciudad del Vaticano,Vatikanstaten,Vatikan Şehri,مدينة الفاتيكان,Grad Vatikan
vc,Saint Vincent and the Grenadines,Saint Vincent en de Grenadines,Saint-Vincent-et-les-Grenadines,St. Vincent und die Grenadinen,セントビンセントおよびグレナディーン諸島,세인트 빈센트 그레나딘,São Vicente e Granadinas,Сент-Винсент и Гренадины,San Vicente y las Granadinas,Saint Vincent och Grenadinerna,Saint Vincent ve Grenadinler,سانت فنسنت وجزر غرينادين,Sveti Vincent i Grenadini
ve,Venezuela,Venezuela,Venezuela,Venezuela,ベネズエラ,베네수엘라,Venezuela,Венесуэла,Venezuela,Venezuela,Venezuela,فنزويلا,Venezuela
vg,British Virgin Islands,Britse Maagdeneilanden,Îles Vierges britanniques,Britische Jungferninseln,イギリス領ヴァージン諸島,영국령 버진아일랜드,Ilhas Virgens Britânicas,Британские Виргинские острова,Islas Vírgenes Británicas,Brittiska Jungfruöarna,Britanya Virjin Adaları,جزر فيرجن البريطانية,Britanski Djevičanski otoci
vi,US Virgin Islands,Amerikaanse Maagdeneilanden,Îles Vierges américaines,Amerikanische Jungferninseln,米領バージン諸島,미국령 버진아일랜드,Ilhas Virgens Americanas,Американские Виргинские острова,Islas Vírgenes de EE.UU.,Amerikanska Jungfruöarna,ABD Virgin Adaları,جزر فيرجن الأمريكية,Američki Djevičanski otoci
vn,Vietnam,Vietnam,Viêt Nam,Vietnam,ベトナム,베트남,Vietnã,Вьетнам,Vietnam,Vietnam,Vietnam,فيتنام,Vijetnam
vu,Vanuatu,Vanuatu,Vanuatu,Vanuatu,バヌアツ,바누아투,Vanuatu,Вануату,Vanuatu,Vanuatu,Vanuatu,فانواتو,Vanuatu
wf,Wallis and Futuna,Wallis en Futuna,Wallis et Futuna,Wallis und Futuna,ウォリス・フツナ,월리스푸투나,Wallis e Futuna,Уоллис и Футуна,Wallis y Futuna,Wallis och Futuna,Wallis ve Futuna,واليس وفوتونا,Wallis i Futuna
ws,Samoa,Samoa,Samoa,Samoa,サモア,사모아,Samoa,Самоа,Samoa,Samoa,Samoa,ساموا,Samoa
xk,Kosovo,Kosovo,Kosovo,Kosovo,コソボ,코소보,Kosovo,Косово,Kosovo,Kosovo,Kosova,كوسوفو,Kosovo
ye,Yemen,Jemen,Yémen,Jemen,イエメン,예멘 아랍 공화국,Iémen,Йемен,Yemen,Jemen,Yemen,اليمن,Jemen
yt,Mayotte,Mayotte,Mayotte,Mayotte,マヨット,마요트,Maiote,Майотта,Mayotte,Mayotte,Mayotte,مايوت,Mayotte
za,South Africa,Zuid-Afrika,Afrique du Sud,Südafrika,南アフリカ,남아프리카,África do Sul,ЮАР,Sudáfrica,Sydafrika,Güney Afrika,جنوب أفريقيا,Južna Afrika
zm,Zambia,Zambia,Zambie,Sambia,ザンビア,잠비아,Zâmbia,Замбия,Zambia,Zambia,Zambiya,زامبيا,Zambija
zw,Zimbabwe,Zimbabwe,Zimbabwe,Simbabwe,ジンバブエ,짐바브웨,Zimbábue,Зимбабве,Zimbabue,Zimbabwe,Zimbabve,زيمبابوي,Zimbabve
ac,Ascension,Hemelvaart,Ascension,Aufstieg,上昇,승천,Ascensão,Вознесение,Ascensión,Uppstigning,Yükseliş,الصعود,Uzašašće
ti,Tristan da Cunha,Tristan da Cunha,Tristan de Cunha,Tristan da Cunha,トリスタン ダ クーニャ,트리스탄 다 쿠냐,Tristão da Cunha,Тристан-да-Кунья,Tristán da Cunha,Tristan da Cunha,Tristan da Cunha,تريستان دا كونها,Tristan da Cunha
bia,Bikini Atoll,Bikini-atol,Atoll de Bikini,Bikini-Atoll,ビキニ環礁,비키니 환초,Atol de Biquíni,Атолл Бикини,Atolón Bikini,Bikini Atoll,Bikini Atolü,بيكيني أتول,Atol Bikini
bri,Brittany,Bretagne,Bretagne,Bretagne,ブルターニュ,브리타니,Bretanha,Бретань,Bretaña,Bretagne,Britanya,بريتاني,Bretanja
cri,Chechen Republic of Ichkeria,Tsjetsjeense Republiek Ichkeria,République tchétchène d'Itchkérie,Tschetschenische Republik Itschkeria,チェチェン共和国イッケリア,이치케리아 체첸 공화국,República Chechena da Ichkeria,Чеченская Республика Ичкерия,República chechena de Ichkeria,Tjetjenien Ichkeria,Çeçen İçkerya Cumhuriyeti,جمهورية إيشكيريا الشيشانية,Čečenska Republika Ičkerija
che,Chechen Republic,Tsjetsjeense Republiek,République tchétchène,Republik Tschetschenien,チェチェン共和国,체첸 공화국,República Chechena,Чеченская Республика,República chechena,Tjetjenien,Çeçen Cumhuriyeti,جمهورية الشيشان,Čečenska Republika
crm,Crimea,Krim,Crimée,Krim,クリミア,크림,Crimeia,Крым,Crimea,Krim,Kırım,شبه جزيرة القرم,Krim
eai,Easter Island,Paaseiland,Île de Pâques,Osterinsel,イースター島,이스터섬,Ilha de Páscoa,Остров Пасхи,isla de pascua,Påskön,Paskalya Adası,جزيرة الفصح,Uskršnji otok
eu,European Union,Europese Unie,Union européenne,europäische Union,欧州連合,유럽연합,União Europeia,Евросоюз,unión Europea,Europeiska unionen,Avrupa Birliği,الاتحاد الأوروبي,Europska unija
her,Herm,Herm,Hermès,Herm,ヘルム,허름,Herm,Герм,Herm,Herm,Herm,هيرم,Herm
kpr,Kuban People's Republic,Volksrepubliek Kuban,République populaire du Kouban,Kuban-Volksrepublik,クバン人民共和国,쿠반 인민 공화국,República Popular de Kuban,Кубанская Народная Республика,República Popular de Kubán,Folkrepubliken Kuban,Kuban Halk Cumhuriyeti,جمهورية كوبان الشعبية,Kubanska Narodna Republika
kkp,Karakalpakstan,Karakalpakië,Karakalpakstan,Karakalpakstan,カラカルパクスタン,카라칼파크스탄,Caracalpaquistão,Каракалпакстан,Karakalpakstán,Karakalpakstan,Karakalpakstan,كاراكالباكستان,Karakalpakstan
lad,Ladonia,Ladonië,Ladonie,Ladonien,ラドニア,라도니아,Ladônia,Ладония,Ladonia,Ladonia,Ladonia,لادونيا,Ladonija
nag,Nagorno-Karabakh,Nagorno-Karabach,Haut-Karabagh,Berg-Karabach,ナゴルノ・カラバフ,나고르노카라바흐,Nagorno-Karabakh,Нагорный Карабах,Nagorno-Karabaj,Nagorno-Karabach,Dağlık Karabağ,ناجورنو كاراباخ,Nagorno-Karabah
nos,North Ossetia,Noord-Ossetië,Ossétie du Nord,Nordossetien,北オセチア,북오세티아,Ossétia do Norte,Северная Осетия,Osetia del Norte,Nordossetien,Kuzey Osetya,أوسيتيا الشمالية,Sjeverna Osetija
rsr,Republika Srpska,Republiek Srpska,République serbe de Bosnie,Republika Srpska,スルプスカ共和国,레푸블리카 스르프스카,República Srpska,Республика Сербская,República Srpska,Republika Srpska,Sırp Cumhuriyeti,جمهورية صربسكا,Republike Srpske
bqu,Basque Country,Baskenland,Pays Basque,Baskenland,バスク地方,바스크 지방,País Basco,Страна Басков,País Vasco,Baskien,Bask Ülkesi,بلاد الباسك,Baskija
sar,Sark,Sark,Sercq,Sark,サーク島,사크,Sark,Сарк,sark,Sark,Sark,سارك,Sark
sea,Principality of Sealand,Vorstendom Zeeland,Principauté de Sealand,Fürstentum Sealand,シーランド公国,시랜드 공국,Principado de Sealand,Княжество Силенд,Principado de Sealand,Furstendömet Själland,Sealand Prensliği,إمارة سيلاند,Kneževina Sealand
som,Somaliland,Somaliland,Somaliland,Somaliland,ソマリランド,소말릴란드,Somalilândia,Сомалиленд,somalilandia,Somaliland,Somaliland,أرض الصومال,Somaliland
tdf,Tierra del Fuego,Vuurland,Terre de Feu,Feuerland,ティエラ デル フエゴ,티에라 델 푸에고,Terra do Fogo,Огненная Земля,Tierra del Fuego,Tierra del Fuego,Tierra del Fuego,تييرا ديل فويغو,Tierra del Fuego
tra,Transnistria,Transnistrië,Transnistrie,Transnistrien,沿ドニエストル共和国,트란스니스트리아,Transnístria,Приднестровье,Transnistria,Transnistrien,Transdinyester,ترانسنيستريا,Pridnjestrovlje
ncy,Turkish Republic of Northern Cyprus,Turkse Republiek Noord-Cyprus,République turque de Chypre du Nord,Türkische Republik Nordzypern,北キプロス・トルコ共和国,북키프로스 터키 공화국,República Turca do Norte de Chipre,Турецкая Республика Северного Кипра,República Turca del Norte de Chipre,Turkiska republiken norra Cypern,Kuzey Kıbrıs Türk Cumhuriyeti,جمهورية شمال قبرص التركية,Turska Republika Sjeverni Cipar
cat,Catalonia,Catalonië,Catalogne,Katalonien,カタルーニャ,카탈로니아,Catalunha,Каталония,Cataluña,Katalonien,Katalonya,كاتالونيا,Katalonija
kur,Kurdistan,Koerdistan,Kurdistan,Kurdistan,クルディスタン,쿠르디스탄,Curdistão,Курдистан,Kurdistán,Kurdistan,Kürdistan,كردستان,Kurdistan
lib,Liberland,Liberland,Liberland,Liberland,リベルランド,리버랜드,Liberlândia,Либерленд,Liberlandia,Liberland,Liberland,ليبرلاند,Liberland
tib,Tibet,Tibet,Tibet,Tibet,チベット,티베트,Tibete,Тибет,Tíbet,Tibet,Tibet,التبت,Tibet
